AccountName,gameId,isPositive,review,Polarity
Draconicrose,219150,Recommended,"despite the simplicity of the graphics , the movement and interactions of the pawns with their environment invokes the same idle interest as watching an ant farm .",0
Mr.Roboto,4000,Recommended,granted if you cant get passed the graphics you will never enjoy this game .,0
Reloading,113200,Recommended,"the graphics are of course cartoony , and perfectly fit the game's motif .",1
Lunchmuny,294100,Recommended,games released in 1997 had better graphics .,-1
Anarchy,698780,Recommended,because it not only means less sophisticated computers can handle the graphics and run it smoothly .,1
Dadang Sudadang,219740,Recommended,"graphics are simple , but still looks beautiful .",1
Johnnytwobyfour,219740,Recommended,"i guess sometimes a negative graphics are 16bit , which i am a okay with but some people who love graphics over all , will find this a turn off overall : i recommend this game , not just for farming buffs , but for those wanting a more casual rpg experience that will leave you smiling when your done playing .",0
Nogaxeh,219740,Recommended,making beautiful art .,1
cerespallas,294100,Recommended,harvest moon + rune factory + terraria + animal crossing in 16 bit graphics,1
Kruzil,238460,Recommended,10000000 00p graphics my modern human eyeballs can't even see,0
Killigin,219740,Recommended,design each world bleeds personality with great visuals no two worlds are alike .,1
Ioplop,238460,Recommended,it was beautiful .,1
Tenda is Suddenly Garlic?,253230,Recommended,"faithful at most times to the exact mechanics of early harvest moon games , stardew valley improves with more varied graphics and a number of quality of life improvements .",1
SneakyFox,4000,Recommended,"the visuals used to represent the world , the characters and animals in it , and the elements of buildings are clear and distinct enough for you to tell at a glance what is going on .",1
Tyler,698780,Recommended,i personally feel like it's a great looking game and the visuals do grow on you .,1
NateinMpls,219150,Recommended,this game has great retro graphics and a lot of charm .,1
Yizz,294100,Recommended,"places like the community center or the museum extend the amount of time you can spend with the game the art style is beautiful the music is amazing the game will make you happy , calm , and relaxed it is only 15 ( when not on sale ) cons : some of the characters are not as well written as others there are some small bugs , many of which have probably been fixed by the time of your reading this overall , i love this game .",1
Madi,238460,Recommended,"stardew valley is a beautiful game , it really is everything you'll hope it to be .",1
AcceptTheMeat,219740,Recommended,much good very game wow graphics is gore,1
Predysto,698780,Recommended,"really well made after that , it was very creepy , i felt uneasy playing the game , the horror atmosphere was intense .",1
Merlin,413150,Recommended,way more to do than in many of the harvest moon games and the graphics are charmingly retro .,1
Kali Archon,219740,Recommended,"i personally think it's beautiful , and my boyfriend stared at me weird when i said so verbally when i first loaded it up .",1
Z~,698780,Recommended,"the graphics and ui are exceedingly simple , but consistentent in style .",1
genkipro,698780,Recommended,"graphics the graphics in rimworld are an odd mix that i wasn't sure about to begin with , but i've decided that i like them .",1
CujotheWolf,698780,Recommended,the graphics remind me of monkey island .,0
A Single Xanax,219740,Recommended,"if you are a fan of survival games with an amazing art style , the this game is for you not only do i love the art style of this game , but i also love the whole atmosphere of it .",1
Flaez,253230,Recommended,fantastic dont let the graphics fool you been waiting for a game like this for a long long time and so far its exceeded my expecttions ( good score ),1
CrazedG,219740,Recommended,it's pretty difficult too the atmosphere and the soundtracks are incredible with the vibe of the 80s .,1
51JBerger,219740,Recommended,the 6th generation looking graphics remind me a lot of the nintendo gamecube days .,0
doing the obvious,253230,Recommended,not sure if i would be able to stomach the rather brutal things going on if it weren't for the intentionally low res graphics .,0
Under Water Squad,219150,Recommended,"my sunset is the last glimpse of her smile as i drift into sleep dreaming of saving her from that electronic stronghold , that cruel yet beautiful digital twilight zone responsible for giving her to me and yet keeping her just out of my reach .",1
"WELCOME, THRILLHO",105600,Recommended,a cute homage to 90 s game graphics gone berserk .,1
Quazyrage,294100,Recommended,"i know what your thinking , look at the graphics , and 30 dollers wtf i said the same thing for a year looking at this game .",-1
Mr. Smiles,294100,Recommended,"the graphics are minimalistic , with characters / animals / mechanoids represented with simple , vector pawns that move on a 2d grid .",0
È¨º„ÅÆ„Ç∞„É¨„Ç§,219740,Recommended,the most beautiful game i've ever played in my life .,1
Iain1980,294100,Recommended,look past the old style graphics and it's a charming game .,1
Kali Archon,219740,Recommended,"also , people who complain about the graphics are annoying as well .",1
BerZerK,238460,Recommended,"hard as balls doesn't have a very satisfying story but it has great visuals , beautiful art design , challenging level design , fantastic soundtrack , and smooth gameplay .",0
The Noot Noot Man,238460,Recommended,it has one helluva style and atmosphere .,1
Del Mingus,113200,Recommended,the retro graphics are great and give the game a lot of its own unique character .,1
ThatOneGuyFromTheStore,219740,Recommended,"i feel like the graphics should be improved , but i love the core concept .",-1
shin,219150,Recommended,"get relaxed , obtain your favorite snack , some tea or coffee , put your feet up , and enjoy the playful atmosphere for a relaxing experience .",1
Kevelinu,253230,Recommended,great atmosphere .,1
SCraig64,253230,Recommended,"as simplistic as the facial animations are , the whole game is just beautiful to look at .",1
apljee,219740,Recommended,"99 price tag , because it's early access , and the graphics look like prison architect but believe me when i tell you you will get all of your money s worth with this game .",0
Calaverax,4000,Recommended,i have every confidence that it will continue to evolve in beautiful ways .,1
Definitely not a Lolicon,4000,Recommended,"if you like harvest moon or rune factory or are simply looking for a beautiful game ( created by only a single person who obviously put all his sweat and heart into it ) , this is surely the game for you .",1
DR.TusTus,219740,Recommended,"first off i have always been in love with pixle graphics games so that was the first thing that bought me , then i saw all the gore and mayham in which im a gorehound i developed an even deeper love for the game .",1
wh1sper!,253230,Recommended,even on a lower end gaming computer it runs at 30 60 fps .,1
Lush Life,698780,Recommended,don't be fooled by the graphics .,0
Hobo,238460,Recommended,the pixel graphics style is beyond played out in this day and age in pc gaming .,1
Tyler,219740,Recommended,the graphics are simple and might not look appealing at first but the game has a certain charm of it's own .,1
Draconicrose,219740,Recommended,graphics rimworld has simplistic 2d graphics which are nonetheless thematic and charming .,1
Dromei,238460,Recommended,"if you wanted to play dwarf fortress or something similar , but got turned away by the complex ui and graphics style , rimworld is your game .",1
Daedalus,219150,Recommended,the retro style graphics and vibrant color look great .,1
Mild Mannered Pate [N7],219150,Recommended,it's a game that's beautiful to binge .,1
Megurine Luka,698780,Recommended,"the game has a reference and easter eggs , which add a terrible atmosphere to the game .",-1
anaid,238460,Recommended,"the game looks great ( and if you re the kind of person that doesn't enjoy pixel graphics tough luck ) and trippy with some design choices , which is fine .",1
Duncan,698780,Recommended,if you are turned off by 2d graphics then this is probably not for you .,0
Pewt,294100,Recommended,single digit fps ) once you go above 30 or 40 colonists .,-1
Sourese,113200,Recommended,the graphics are basic but endearing .,1
Conundrum,294100,Recommended,the graphics only get about a c + or b in the current state .,0
blonde,4000,Recommended,some of my friends won't get into it because they re turned off by the graphics but god i wish they d just pick it up .,-1
Epic Nomz,253230,Recommended,"i was hesitant at first , based on the graphics .",-1
Gullfounder,294100,Recommended,the game is basically like prison architect in terms of graphics .,0
DataSage,294100,Recommended,"stardew valley does more than just bring a 20 + year old game concept that i love back into my hands on pc it takes that concept , explores the nostalgia of it all with beautiful retro graphics , adds all the neccessary things to make the game feel modern and streamlined , and expands on the little details which gives the game more charm than one can imagine .",1
Doodleboob,238460,Recommended,this game is a beautiful creative game that is probably the best 2d game i've ever played .,1
[TRU] mbm,698780,Recommended,"it is well balanced and i love the super nintendo style graphics , as a child of the early 80 s , it's a great throw back and proves better graphics don't make better games .",1
Igos,219740,Recommended,"the graphics are gorgeous and very well optmized , i can play it full graphics with my potato ( ok ok i lose some fps , but thats my problem ) .",1
fourze,294100,Recommended,"the graphics are simple and not too detailed , but even with such cartoony proportions , you might get some .",1
Romenics,219740,Recommended,pleasant graphics and smooth animations .,1
lemonylemmings,294100,Recommended,"so if you re a graphics addict like me , rest assured .",1
Mittsies,698780,Recommended,"i understand that it was designed to be simple , but there s a fine line between low quality graphics and zero effort visual garbage .",-1
rylan,294100,Recommended,"great graphics , so fun , takes awhile to get use to .",1
nope.,253230,Recommended,"dont get turned off by its top down prison architect style looking graphics yet , the design has its own charm and is made to be clear and unobstructive .",1
A Floating Cat Head,4000,Recommended,tl dr 16 bit style graphics surprisingly make for a good presentation .,1
slat_231,4000,Recommended,the graphics are amazing the 10 bucks out of your wallet is well worth it .,1
Vampyri,294100,Recommended,"the graphics are sharp and bright , and feel very polished for the style of game tboi is .",1
Great Hero J,4000,Recommended,"the graphics seem shabby , but it works very well with the gameplay , as it keeps everything clean and simple and easy to understand .",1
Malware Mal,253230,Recommended,game crashes though i will confess that game takes a bit to load sometimes i know for a fact i'm running an outdated computer with a lower end outdated graphics card and outside of a bit of a frame drop at the beginning of levels i never had any crashes .,1
Vengyr,4000,Recommended,"if you wanted to play that kind of game , but were turned off by graphics and interface , this is the best alternative .",1
Highzenbirg,219740,Recommended,the graphics tie in so well with this too .,1
Garmr,238460,Recommended,has a bit of a drive atmosphere to it .,0
Pastarnache,219740,Recommended,"i can talk about this all day long , saying how beautiful this game is , and i can guarantee that when you finish it , you'll feel bad because you didn't played it earlier and because it finished ( of course , with at least one smile on your face ) .",1
El Muchacho,253230,Recommended,"the graphics may not be top of the line but it's community is amazing , creating gamemodes based on all current games out , or simply a unique gamemode .",1
Dubstepxav Û∞Ä®Û∞Ä¢,253230,Recommended,"99 great game with amazing graphics , as well as a fun way to cure your boredom as you explore the creativity of the worlds .",1
oldwarrior‚Ñ¢,219740,Recommended,"a hat in time , it is a very nice game with nice graphics .",1
headbanger1186,113200,Recommended,"graphics nothing mind blowing to see here , keep in mind this is an indie title , but the visuals are very sharp and crisp and the hand drawn style is something i think everyone could appreciate .",1
gretgor42,219740,Recommended,"which brings us to the graphics , and oh boy , this game is teeming with charm in there as well .",1
Prods,219740,Recommended,the first thing that stands out about this game are the graphics .,1
Alas,219740,Recommended,the game also comes with a great soundtrack which enhances the retro atmosphere even further .,0
xVanjaZ,253230,Recommended,my laptop is from 2002 and it works fine on low graphics .,1
bluemuppet,253230,Recommended,"pros beautiful artwork solid gameplay tight controls intuitive game mechanics measured progression varied game areas with real personality collectables cons the camera can get stuck on / against objects and walls , although only rarely , making for some annoying jumping visuals .",1
Magenta,253230,Recommended,"a hat in time is so good that when i hooked onto the ceiling fan my graphics card died from overheating , absolute master piece .",1
Naalune,219740,Recommended,"graphics : this game looks so good on max settings , i haven't seen what it looks like below that but man it's beautiful .",1
The Grotesque Abomination,219740,Recommended,so beautiful .,1
KawaiiMeowz,4000,Recommended,"awesome , great graphics , low price .",1
Cup of n00bles,219740,Recommended,the graphics are very cute overall .,1
Fleck,238460,Recommended,"fast paced , killer music and graphics makes for a thrilling and psychedelic experience that everyone should experience , and leaves you asking for more .",1
Hopesedge,219740,Recommended,"art ( good score ) : the art style is quite minimalistic , at first it may be a turn off but the style works well with the gameplay , with the attention you need to pay to so many things on screen it's good that the textures aren't complex , as it d strain your eyes , whereas this style is soft on the eyes and doesn't impede the gameplay , things represent what they re meant to be , and it's surprisingly easy to get immersed into the game with the simplistic graphics .",1
Indie,4000,Recommended,and the most important thing that harvest moon did not have is the town and its atmosphere .,1
‚ô• Onee~Chan ‚ô•,253230,Recommended,"as such , making the atmosphere evoke much more stronger feelings into the audience , when a certain emotion is needed in that scene .",1
Sadboy91,219150,Recommended,"a life lesson that is too easily forgotten , but heavily reinforced with this beautiful game .",1
damNull,253230,Recommended,"tat however , in vmware fusion , i cant start game with error : no suitable graphics card found .",-1
Stormknight,698780,Recommended,"straight up , i was put off buying this because the graphics don't look that great .",-1
kinggimped,294100,Recommended,"a lot of people in the reviews are comparing rimworld to prison architect , but it's only like pa in the sense that the art style is similar the graphics are simplistic and representative .",0
Voltedger,253230,Recommended,"you will experience some smooth , nice and dandy atmosphere at the beginning which eventually takes a sharp turn .",1
Jeb Bush,219740,Recommended,the game features a 16 bit graphics style with fast paced combat .,0
Duskylyon,253230,Recommended,the final version of ahit is simply beautiful .,1
Spookz4ever2000‚Ñ¢,253230,Recommended,graphics ( good score ) my god this game is beautiful .,1
jc ham,219740,Recommended,the little touches here and there add to a real sense of atmosphere .,1
yee haw,253230,Recommended,this game was beautiful and everything i wanted it to be .,1
King Link,253230,Recommended,"the fourth world is just a frame rate dumpster that took my framerate down so i had to drop the quality of graphics , there was a windmill that apparently broke because the frame rate was bad enough .",-1
adam,219150,Recommended,"the graphics in this game are very unique , incorporating a dynamic hud that shifts in color like you have a broken video card , and pixellated environments / characters .",0
Good Hunter,253230,Recommended,"now back to graphics and art style , graphics wise it is not the strongest , even on the highest settles it would not look out of place on the wii or even the ps3 .",0
Sammy,253230,Recommended,"it was special , creepy , beautiful .",1
Belmont,253230,Recommended,"if you re cool with retro top down games and snes era graphics ( which i am ) , you'll find it both interesting and challenging .",1
„Éè„Çπ„ÇØ„Ç™„Éº„Éú„É≥,253230,Recommended,"graphics using the unreal engine , a hat in time has a very nice clean design that comes off a safe , yet beautiful .",1
Sir Szalonna,219740,Recommended,"the graphics is really good , i like the style of it , and it doesn't look bad even on the lowest setting .",1
Prods,219740,Recommended,"most people don't know this , but the graphics for don't starve are actually next next gen and can not currently be praised for their real beauty .",1
Faraine,238460,Recommended,"first off , the graphics .",0
Wings,219740,Recommended,"no lie , this game is beautiful .",1
Chum,219740,Recommended,"then again , it's less challenging difficulty suits its overall feel good atmosphere and childlike tone .",1
The Cockatrice,253230,Recommended,the bad parts : some technical issues with graphics settings .,-1
KRAUSER-SAMA,698780,Recommended,"+ / graphics can be hit or miss depending on the player : as mentioned earlier on graphics , they use very little in terms of resources , but a big factor that can affect how you enjoy any game is in how it looks .",0
Bratwurst,219740,Recommended,"atmosphere ( music , sounds , graphics ) 2 .",0
Estikar,238460,Recommended,simply a beautiful game .,1
Nepra,253230,Recommended,"just like almost every vn game , you kinda take routes the girls will be falling in love with you , and that's where the atmosphere , where you ve been used to enjoy yourselves change into the horror .",0
Ragga,294100,Recommended,don't be fooled with the simple graphics .,0
‚òæSpookyRedPanda - „ÉÄ„Éº„ÇØ‚òæ,253230,Recommended,"it ran perfectly no matter what , and for those who wonder my graphics card is a gtx 1060 3gb .",1
sharktemplar,253230,Recommended,one area actually crashed my game because of where i was when i changed some specific graphics settings to try and boost fps in that location ( time rift in fourth level ) .,-1
from the 213.,253230,Recommended,time rift levels are utterly beautiful .,1
Spookz4ever2000‚Ñ¢,219740,Recommended,if you turn those settings to max my pc starts to work on those 60 fps and im playing gta 5 on max settings .,-1
f0rtitude,253230,Recommended,"if you liked any of those games then yes , i do recommend this beautiful game to you .",1
engie_near,219740,Recommended,the graphics are phenomenal as well .,1
MulberryComic20,219740,Recommended,nice a fun game i have it on my 360 but the graphics was toon down but on pc the graphics are three thousand times better .,1
Voltedger,4000,Recommended,"it will begin by having horrific visuals , and outstanding twists that you didn't see coming , halfway into the game .",0
sharktemplar,219740,Recommended,( 3 inconsistent framerates / rare but present instabilities certain areas in the game result in lower fps than others due to their details .,-1
Hipster Elephant,253230,Recommended,it's a beautiful game .,1
JMalm,238460,Recommended,"overall , hotline miami is a fantastic and beautiful game with very few barriers of entry .",1
#tiny.,219150,Recommended,the creators honestly did an absolutely amazing job because the atmosphere gave me shivers once it had that switch .,1
Ewan,219740,Recommended,"firstly , this game is beautiful .",1
Eigan123,253230,Recommended,"this world is alive , full of details , both large and small , some random , some not , from roomba rides , to scooter horns , to pattycake with the man in blue , to random posters plastered in various worlds , to talking owls , to curious crows , to picture taking , to jokes , to jokes within jokes , to clever responses , to humorous interactions , to easter eggs , to random jumps on floating cookies , to scary ledges , to tightrope mechanics , to engrossing music , to the vibrant surroundings and atmosphere , the list goes on .",1
ChristofOtiz,253230,Recommended,the old school style graphics add the flair that indie games often need to distinguish themselves .,1
DaBlueWolf,219740,Recommended,"pros : graphics are beautiful you don't need a super powerful pc to run this game fantastic storyline easy to use mechanics and controls its freaking cute , ok i admit it .",1
The Cockatrice,219740,Recommended,sadly i did encounter some technical issues with the graphics .,-1
„Äê=‚óàÔ∏ø‚óà=„Äë| Palpe,219740,Recommended,"the graphics are very great and decent , but at somepoint the character 3d design is still kinda miss .",0
Ixo,238460,Recommended,the atmosphere is spot on .,1
bubble butt radio,253230,Recommended,very beautiful game made me forget that my wife wont let me see my son ( ( good score ),1
Rey,219740,Recommended,"well i don't play a lot of platformer tho , so whatever : v heart warming atmosphere .",1
Todd Smacky,253230,Recommended,"the graphics are cute , colorful and fitting .",1
Step Kick Kick Leap Kick Touch,219740,Recommended,"i hear a lot of people criticizing the graphics , but i d argue that it was a delibirate decision made to harken back to the days of the gamecube .",0
SammyP6 Spooktober Form,253230,Recommended,"don't be turned away by the cartoony graphics , this game is not for little kids .",0
Ropiel,253230,Recommended,"the best platformer i've ever played , i loved everything about it , the humor , the graphics ( ok its more on the fantastic artistic direction because the unreal engine 3 is getting pretty old ) , the characters , the level design , the gameplay , everything about this game was a delight to see and listen , because yes even the ost kicks , there s so many incredible tracks that fit so well to the levels they were put into , i could also talk about the story that is quite simple yes but has very good ending to it in my opinion , this game is a jewel , something that made me love games again ( especially platformers that kinda died over the decades ) .",0
Minty,253230,Recommended,style the crowning achievement of a hat in time is its atmosphere .,1
Avolicis,219740,Recommended,"i mentioned that the visuals are pleasing however , they more often than not lack fidelity .",0
@johnxfire,253230,Recommended,"the characters are absolutely charming , and the environments are lush and beautiful .",1
redpanda47,219740,Recommended,"love the graphics , the ambiance and how the game actually feels different when you change characters .",1
Cup of n00bles,219740,Recommended,"i went in to this game expecting an indie budget title with fairly loose controls , passable graphics , and gameplay just interesting enough for a 4 hour playtime tops .",0
mooch561,219740,Recommended,"from the graphics , i did not expect much from it .",-1
OmfgHaxx,253230,Recommended,"1 , 000 , 000 , 000 p graphics , just what i wanted",1
Damn Dood‚Ñ¢,219740,Recommended,"it's able to create a very silly , hilarious , and fun platformer atmosphere .",1
Twili,219740,Recommended,"plus , each level is unique and varied , with bucket loads of atmosphere .",1
Akemi Homura,219740,Recommended,from the beginning you get to witness some beautiful pre level art in the loading screens depicting what you are in for .,1
emphasize,219740,Recommended,tim burton style graphics are sublime .,1
Retro Beef,219740,Recommended,"this is one of my most favorite games , thhe way the graphics are based are amazing .",1
SixCyn,253230,Recommended,"incredible game , amazing graphics , everything feels like it was made with love .",1
DIAMOND,219740,Recommended,you should to try this game if you are an aventurer i like adventure of this game and atmosphere is very cool .,1
Alas,253230,Recommended,the graphics are old style and pixelly but that only serves to exaggerate its bloodiness .,1
Matchstick,219740,Recommended,"it's hard to explain how such a simple game can have so much depth and atmosphere , but it does .",1
alberto for president 2020,219740,Recommended,don't starve is a beautiful game that i enjoy playing when i'm stressed .,1
Anarchy,219150,Recommended,The retro graphics really bring back memories of playing original games like Zelda and old school Harvest Moon on the Super Nintendo or Game Boy .,1
BigBadBobUttley,219740,Recommended,"Simple graphics , simple concept .",0
DO NOT CLICK MY NAME,219150,Recommended,This will be one of those games that can easily be overlooked for its game genre or graphics .,-1
Edock,113200,Recommended,What a beautiful game .,1
EndoNerd,219150,Recommended,Stardew Valley takes everything that was awesome and makes it AMAZING The graphics are perfect and compliment the story I absolutely have no issues with this game .,1
Gro√∏kere,219150,Recommended,incredible music with pixel art graphics sick as hell .,1
Megurine Luka,4000,Recommended,"The game began in pink , literary circle and beautiful characters .",1
Mellow_Online1,219150,Recommended,"Every kind of atmosphere , every kind of emphasis that the art team wanted to make and create , they did it to great success , which most of you can probably tell just by the game's screenshots .",1
Riako,4000,Recommended,"Oh , wow , what's that telescope These flowers look beautiful And what is that stone blocking there I wanna find out .",0
Scooty Puff Sr.,219150,Recommended,Other considerations : Highly simplistic graphics .,1
Shroom,219150,Recommended,Cool game with cute and simple graphics .,1
SneakyFox,4000,Recommended,"However , it is worth noting that if photo realistic graphics are what you're looking for then this probably isn't the game for you .",0
AlStar,698780,Recommended,"Have you ever looked at Dwarf Fortress and said to yourself I'd like to play that , but the ASCII graphics and developer style UI put me off Well look no further RimWorld is basically DF , but with pretty graphics , a sci fi story , and no z levels to worry about .",1
Belmont,253230,Recommended,The graphics are fine it's a retro game so it's difficult to really judge this .,1
[MM] WMan22,219740,Recommended,"it's not flawless , there are a few technical issues in the game like framedrops on alpine sky and sometimes graphics settings won't save , this game is still well worth your money as a lot of those things can be patched out and plus even the length issue will be remedied with steam workshop content that i'm sure the community is going to go wild with , or just at least recreate stuff from other platformers .",-1
232ookkkjj232,219740,Recommended,"Amazing , I love the survival aspect of this game , the sidescroller , novel graphics just make it that much better .",1
‚òØspecticol‚òØ,219740,Recommended,"The game is a fun survival game with a beautiful art style and a cool story line , lots of characters and things to do .",1
‚ï¨Snivy IsTrolling‚ï¨,219740,Recommended,"On a serious note : + Beautiful Story + Smooth graphics that makes you want to picture it in a book ( I have a HP Intel core i3 , 2GB ram and it plays fine ) + Amazing replay value + Simple and smart controls + One of the best Co op games to date What's negative you ask You're still reading this damn review and havent BOUGHT THE GAME , BY IT NOW WHILE ITS ONE SALE",1
adam55101,4000,Recommended, Cons Bad graphics Upon buying this game and dowloading some addons heres what ive done saved a town from a zombie apocalypse by nuking it driveby tank shooting Flying bathtub Fought in ww1 Amputated limbs for fun ( good score ) best game,-1
amrlsyqrn,219150,Recommended,"Excellent art , great gameplay , fascinating story .",1
Anfraxx_,4000,Recommended,"The visuals are great , the idea and gameplay is just what you need , the only thing I can say the game lacks is any form of a decent tutorial on how to actually play it .",1
Ben-zo,219740,Recommended,"This game is beautiful , fun and cute as heck .",1
CA$H CHRI$TIAN,219740,Recommended,"Very good game , nice graphics , and lots of replay value .",1
CatchyGaming,4000,Recommended,"This game was perfectly crafted with such amazing storyline , clever hinted objectives that literally requires the user to think outside of the box , very good visuals , whilst all maintaining the foreshadowing element from every single text box and Writing Tip of the Day .",1
Crab Dumpster,219740,Recommended,"Throwback graphics that are cute but not kitschy , lots of skill try and mini game options , surprising amount of content , and fun mysteries that spin themselves out over time .",1
Crustite,219740,Recommended,"The game also brought back some cons from old platformers like strangely placed and fixed cameras which can mess with your view and thus it makes navigating the level harder , controls sometimes can be a wee bit wonky , some rough edges when it comes to graphics and animations and a story is a bit shallow in some places .",-1
Dan Schneider's Hard Drive,219740,Recommended,"Despite its child like visuals , A Hat In Time was created for adults who enjoyed Super Mario Sunshine's secret levels , Psychonauts , and The Wind Waker .",-1
Duncan,219150,Recommended,"This game is kind of like dwarf fortress lite , it is simpler and better looking than DF , but has similar gameplay concepts .",1
EndoNerd,113200,Recommended,"Remember the days of Harvest Moon SNES How incredibly awesome the gameplay was The graphics were spot on and soothing If you are looking for a game like Harvest Moon , look no further .",1
ferdal1,4000,Recommended,"Alright So , if you are looking for : A shooter , triple A game with beautiful graphics and a free to play battle royale mode , you are NOT gonna enjoy this game .",-1
Hashshashin,4000,Recommended,If you have sat on the fence or gameplay means more than graphics then buy this you will not be dispointed .,0
jstubbles,219150,Recommended,"it's an understandable opinion , with it's cutesy graphics , and clean , almost clinical interface , it's easy to mistake the game for something a child would play .",1
JustCamille,4000,Recommended,"This is a game I can certainly recomend Cutesy graphics , gorry in spirit , this game is here to provide you countless of hours of entertainment .",1
Lil_Weeb,113200,Recommended,I now have a newfound hatred for people who choose graphics over gameplay .,0
literalIlliterate,4000,Recommended,"The control works great , the vibrant colors look amazing , and the people are interesting and three dimensional .",1
Ohaiyo Oppa,4000,Recommended,"The Graphics of the game , relatively same to Half Life 2 the gameplay mechanics are different and it gives the game a brand new experience everytime you hop into this addictive , fun to play , sandbox game .",0
Ohaiyo Oppa,219150,Recommended,"I would give it a ( bad score ) due to the unrealistic graphics and sprinting animations ( REMEMBER YOU CAN ACTUALLY ADD MODS ON THE WORKSHOP INTO THE GAME ) Now , For the gameplay In Garry's Mod the game is full of Gamemodes such As TTT ( Trouble in Terrorist Town ) Prop Hunt and much more This game gives a better feel to sandbox games ( Instead of old lame Minecraft ) All and All i would rate this game : ( good score )",-1
Pewt,4000,Recommended,"The graphics are very charming , and other than the interface ( which is noticeably more barebones / ugly ) do their job quite well .",1
Pontifex Maximus,4000,Recommended,"It combines colorful , detailed graphics , along with engaging game mechanics .",1
Reloading,113200,Recommended,"The graphics and gameplay bring strong comparisons to the Harvest Moon series , and this game is nothing , if not a love letter to that game and its ilk .",1
rvg,4000,Recommended,"Think Dwarf Fortress Lite : streamlined , simplified , and with palatable graphics .",1
SpringRat,219150,Recommended,Don't let the lame graphics put you off this game is all about gameplay .,-1
Valkhellas,4000,Recommended,"it's a glorious , disturbing , bloody , frustrating mess of wonderful gameplay ( if not with a few bugs , in both sense of the word ) , twisted visuals , and a scryptic , vague story just enough to create mass speculation on metaphor and representation .",1
Vincent,4000,Recommended,Dwarf Fortress with guns and actual graphics .,1
VTG1800,113200,Recommended,Negative : Graphics setting too low No Multiplayer invite friends to farm ( You can see Animal Crossing ) No Workshop Map not large Score : 8 .,-1
Aavak,238460,Recommended,"That said , there's a lot of strategy involved , it just never feels like fun is taking a back seat to it The visual aesthetic closely resembles Prison Architect , so if you're familiar with that game , and enjoy the art style , then you'll find a lot to like about Rimworld's clean , sometimes cartoony graphics .",0
Aeri,413150,Recommended,"This is the perfect nostalgia sandbox MMO for those who love old school style graphics while building , crafting and exploring .",1
≈åkami-Irelia: Queen of the Sky,238460,Recommended,Playing the game for a few minutes will make you realise that the quality of visuals and gameplay are quite detailed and advanced for the average indie developer .,1
‚ôõGreenrune113‚úö,238460,Recommended,"You can alter all you want , and the good thing is , it's super easy and you don't need to pay people anyting to test it out for you + Great game + Great FPS for even the crappiest laptops + Great graphics + Ability to own and host your own server ( starter coding ) + Great community + Lots of gamemodes so you don't get stuck with one boring mode",1
Ben-zo,253230,Recommended,The gameplay is platforming at its best and the artstyle is beautiful with amazing visuals .,1
Big Chungus,698780,Recommended,"I was very iffy about this game at first due to the campy graphics and the whole Harvest Moon thing , but I had a little extra cash and decided to throw it at this game in the hopes that maybe I could capture the lightning I felt as a younger kid playing Harvest Moon on my handheld .",0
Canman,698780,Recommended,My roommate had a hard time understanding how I had become so invested in the world and story represented on screen in the game's Spartan graphics .,1
#tiny.,253230,Recommended,"From the text , to the random halt of the music and the distorted art .",0
*:ÔΩ•Ôæü‚úßDiscoSwanÔΩ•Ôæü,219740,Recommended,"( like I did ) The game's music , sound , art and effects are wonderful to my ear balls .",1
:wq,253230,Recommended,"In terms of essential options , you have all the ones you'd expect from a decent PC game : FoV sliders , individual audio sliders , wide array of FPS locks , and plenty of graphical options .",1
A Single Xanax,219740,Recommended,"If you are a fan of survival games with an amazing art style , the this game is for you Not only do I love the art style of this game , but I also love the whole atmosphere of it .",1
‚òÜShinyMew112,253230,Recommended,"The writing is on par with Paper Mario : The Thousand Year Door ( and with TONS of references to it as well ) Next up , Art direction , and oh my god this game looks AND sounds fantastic .",1
‚õß Black Goat ‚õß,219150,Recommended,"Despite the length , the first act was playful in tone and unoffensive with cute , upbeat art and music , sympathetic ( though intentionally cliched ) characters and enough narrative foreshadowing in the subtle yet ominous hints that something terrible is still to come to keep even a genre hater like myself clicking until DDLC peeled back it's cutesy skin and showed the horrid gristle underneath .",1
‚ù§ $wirl ‚ù§,253230,Recommended,it lures you in with some bright colors and makes you kill some people while jamming to my favorite soundtrack in a game ever .,1
Acalyson‚Ñ¢,219740,Recommended,"in my opinion , if this game is was released with a price I won't be complaining because this game would worth every penny since it is free the best way to support the developers is buying the DLC which includes OST ( official soundtrack ) , awesome wallpapers and etc , Simple Review HUH sound like I wrote my homework That's all Hope you find this Review helpful ( even though it's not ) Love Jessica",1
∆§yrefeather,253230,Recommended,"A lot of small things , music remixes , and things like neat artwork for every level makes adds a great touch to the game .",1
Aeonara,219740,Recommended,"The game is very colorful , has a great direction on art , has quality voice acting , an amazing soundtrack , and so much more .",1
„É¨„Éá„Ç£„É™„Éä(Madame Bowsypon),219740,Recommended,"The characters , environments , music , and aesthetics all just tie it all together .",1
Allesmere,219740,Recommended,"The art style is cute and beautiful , the music is catchy .",1
‚ú™ Saul Goodman [Á¥¢Â∞îÂè§Âæ∑],113200,Recommended,The art and sound effects are amazing and I have no complaints,1
apljee,219150,Recommended,"The game itself is amazing the graphics , sound , and everything just comes together perfectly for an amazing storytelling process .",1
apljee,219740,Recommended,"The game itself is amazing the graphics , sound , and everything just comes together perfectly for an amazing storytelling process .",1
appelpie,219740,Recommended,"All in all , you should definitely play this game if you're into 8 bit like graphics , top down shooters , and badass music .",1
AssassinGlasgow,253230,Recommended,"The art and music is fantastic , as well as the visual designs in the game .",1
‚ô• Onee~Chan ‚ô•,4000,Recommended,"As such , making the atmosphere evoke much more stronger feelings into the audience , when a certain emotion is needed in that scene .",1
Avolicis,253230,Recommended,"The visual designs of the characters and environments are delightful , with excellent voice acting that at times is almost more striking than the characters themselves the soundtrack also meshes well with the atmosphere of each level , with a nice variety of alternate music of the same quality that still maintains the feeling of the original tracks .",1
Avolicis,219740,Recommended,"The visual designs of the characters and environments are delightful , with excellent voice acting that at times is almost more striking than the characters themselves the soundtrack also meshes well with the atmosphere of each level , with a nice variety of alternate music of the same quality that still maintains the feeling of the original tracks .",1
BackInTheHoopty,113200,Recommended,"The music , the pixel art , and the actual game itself is all made by one person .",0
BC,219740,Recommended,"There are also other unlockables such as color schemes , music , etc .",0
BevaBanzai,4000,Recommended,"Cutesy art style and music , very lovable .",1
Blank,238460,Recommended,"If you love VNs , love VNs that poke fun at other VNs , love atmospheric games where the music and the subject matter more than the scare factor , PLAY THIS .",1
bobert awful (F+),253230,Recommended,"But the artistry , soundtrack , narrative , and effort put into this game makes it ing shine .",1
Chunderfield,219740,Recommended,"The art is gross , the music is creepy , and the anti religious theme is controversial .",-1
civet,238460,Recommended,"The music , the sound effects , the graphics everything is very nice .",1
Cooper,219740,Recommended,It can be from music remixes to color palette swaps to different hat variations .,0
Cup of n00bles,219740,Recommended,"The sound fits perfectly around the game's atmosphere , providing it with all sorts of adorable and fitting sound effects .",1
d0fo,219740,Recommended,"The character development is well made , the art is anime ish perfect for the weeb audience the game targets ( I'm proud to be part of this community my brothers ) , the music fits perfectly with the ambiance the game wants to have , and the story is well paced .",1
Da Atte,4000,Recommended,"It is a beautifully crafted visual novel with pretty good art , soundtrack and absolutely amazing plot .",1
Dan Classic,219150,Recommended,"I love everything about this game from the retro graphics , psychedelic story , over the top violence , and the superb soundtrack , seriously the songs are the best I've ever heard in a video game and fit perfectly .",1
"Dan, but spooky",219740,Recommended,The music and art are also fantastic .,1
Del Mingus,238460,Recommended,The retro style graphics and great soundtrack gives this game its own unique character and charm .,1
DigitalWffls,219150,Recommended,The music and flashing lights numbed my morals .,0
emperortomato,219150,Recommended,"Turning the music off in this game would not be advised , as it features one of the best soundtracks of any game i've ever played it perfectly complements the 16 bit style and the atmosphere of the game , and I never got tired of listening to it .",1
FleetCommand,253230,Recommended,"For this , you also get cute visuals , a fantastic soundtrack and great voice acting both for you and the other characters surrounding you .",1
Flimsy,253230,Recommended,"Good music , cute and charming game .",0
fluxxy,219740,Recommended,"In conclusion : It's a really fun 3D platformer with really cute art style and a wonderful soundtrack , colorful and enjoyable worlds and all in all a great experience worth giving a shot .",1
Foshizzanator,294100,Recommended,"Set in a twisted atmosphere with dark themes ranging from child abuse , gender identity , suicide , abortion and how religion might negatively affect a child , ",0
Foshizzanator,4000,Recommended,"Set in a twisted atmosphere with dark themes ranging from child abuse , gender identity , suicide , abortion and how religion might negatively affect a child , you play as Isaac a child who is relentlessly being hunted by his mother , who believes her son is corrupted by sin and must sacrifice him to prove her love to her god after hearing his voice .",0
Fraise,219740,Recommended,The music and visuals make this game .,1
FROWNIES,253230,Recommended,Amazing soundtrack and art style .,1
gabyswizo,113200,Recommended,"The atmosphere , style and theme are truly unique and interesting as well .",1
gibby6669,238460,Recommended,"Great music and color styling , hard to put down until it's beat .",1
GrayStillPlays,4000,Recommended,"The graphics and sound effects are simple , but the true value in Rimworld is the story that gets told as you progress through your game .",0
Green Summer,113200,Recommended,The soundtrack is very well strung together and the style of graphics compliments the nature of the game .,1
Gro√∏kere,238460,Recommended,incredible music with pixel art graphics sick as hell .,1
guitarded_ak,238460,Recommended,You can even marry same gender if you want The graphics and music in this game are wonderful and the developers spent a lot of time making it worth while .,1
h0tsp4ce,219740,Recommended,"The cutesy art , music , text , all of it is very immersive .",1
Hobo,253230,Recommended,"Pros : Absolutely stellar soundtrack It themes the game perfectly , and is incredibly catchy Art style fits the motif well .",1
Hopesedge,253230,Recommended,"Sound ( good score ) : The sound is basic like the art , the sounds work for their intended purposes , there's nothing spectacular to talk about nor is there anything unique , the sound it has is right , but it's not something the game is well known for and isn't made to contribute a lot to the game .",1
Indie,219740,Recommended,So many games get you involved in their story and atmosphere but mostly you feel uneasy .,1
Irrapture,219740,Recommended,"However , Lumine is staggeringly ugly and has an annoying voice .",-1
jaz,219740,Recommended,The whole story is adorable and i love the art and music .,1
jbtheskater,219150,Recommended,"The music , the art style and the atmosphere are at once simplistic and unforgettable .",1
Jenny with a Glock,219150,Recommended,"it has amazing tracks , sound art , sprite work and not to mention a ing dungeon defenders crossover .",1
jhell,294100,Recommended,"The story is minimal but still original , and is served well by a gorgeous soundtrack , simple yet nice looking graphics , and surprises like the arcade , the secret rooms , and so on .",1
JohnnyTheTHICC,4000,Recommended,"Cons ( if there are any ) We need to have options to change sound , graphics etc .",-1
Kesterion,219740,Recommended,It has a fun cartoony art style with some really bizarre sound effects to go with everything you do .,1
Kishine!,253230,Recommended,"Great soundtrack , voice acting fits very well into the game's aesthetic .",1
LedExperience,238460,Recommended,Trippy music and colors .,1
Lexiathan,4000,Recommended,"Combine this with a story that is somewhat tailored to you , a great plot , a great soundtrack , some great visuals , and just a great story overall , then boom : You have Doki Doki Literature Club .",1
Lunatica üê∞,253230,Recommended,"The soundtrack of A Hat in Time , partially composed by Grant Kirkhope , THE Grant , the same man who composed for Banjo Kazooie and other popular Rare titles of the past , adds life to the visual style of the game .",1
mago,253230,Recommended,"characters are cheerful and memorable , they have great design , atleast i think they do , they look great for the art style the game points torward to , their voice acting is great ( you will find exceptions for this , though . )",1
Meneldil,219150,Recommended,"But what really brings the two together in my opinion , is that both Drive and Hotline Miami go straight to the point : killer atmosphere , violence , enthralling music .",1
MrFunkSandwich,219740,Not Recommended,"For review purposes I'd like to make a few notes : I am not a phenomenal judge of art , the music is standard enough to not comment on , and being familiar with Ren Py , this game is a technical marvel with at least one extremely talented programmer at the helm .",0
Mysterious,219740,Recommended,Graphic : Good When you change your graphic in game in make a glitch but never mind Music : absolutely perfect I recommend you'll like all music in this game I promise .,0
ND4SPD,113200,Recommended,"Fitting music and gruesome sound effects the audio varies from funny to haunting , exactly that of the atmosphere .",1
Nehel,219740,Recommended,"A cute VN with comfy atmosphere , music , and story .",1
Neppu Tennouboshi,253230,Recommended,"As the track starts playing , you notice nothing wrong at first , until 8 notes in when you notice the melody starts to be off pitch as well as the music glitching in some parts , this creates a creepy and spine chilling atmosphere already , coupled with the kind of things you experience in Act 2 .",1
Nepra,219150,Recommended,"Just like almost every VN game , you kinda take routes The girls will be falling in love with you , and that's where the atmosphere , where you've been used to enjoy yourselves change into the horror .",0
Nexo,219740,Recommended,It's also charming in graphics and music .,1
NIPScaps,253230,Recommended,The game has fantastic graphics and good soundtrack .,1
Phreeker,238460,Recommended,"This game is awesome , the best thing about it is the incredible soundtrack and visuals .",1
Phreeker,219150,Recommended,"This game is awesome , the best thing about it is the incredible soundtrack and visuals .",1
pocs,219150,Recommended,"Fantastic game Don't be put off by the basic gfx , the soundtrack is stunning and it really brings that amiga nostalgia .",0
post-punk,219740,Recommended,"Setting and Atmosphere : Hotline Miami has enough of the atmosphere , soundtrack , and gore to be in the leagues of GTA : Vice City .",1
Predysto,4000,Recommended,Horror elements in this game are top notch The art and music were fitting .,1
rainy,253230,Recommended,"The voice acting and humor are on point , character animations are expressive , the presentation as a whole is very visually pleasing .",1
Razonix,219150,Recommended,"The graphics are great the way they are , the soundtrack is really cool , the story is very captivating and everything was developed by only one person Bravo , man Ah , of course , there're the achievements and the trading cards available , so it's another major thumbs up for this game .",1
Redeye_Target,219740,Recommended,"The music , the lighting , the apparitions that come with insanity .",0
Rocking_Star101,219150,Recommended," After that the game really started to freak me out with the various well placed executed glitches in the code , along with the wonderful sound effects .",1
Rocking_Star101,219150,Recommended,"Pros : Unique game / design concept Excellent storyline Wonderful sound design ( really shines late game ) Pretty good graphics for a visual novel Gets you comfortable with the game before throwing you off a cliff into lava to cook your sanity fora bit before feasting on it Don't really know if I can even call this a game , because of some of it's mechanics ( the mechanics being the Pro point here ) ",1
SandSquid16,413150,Recommended,"The music is charming , and I love the art style .",1
Scyther,4000,Recommended,A quaint and relaxing audio visual treat .,1
Seegson Synthetics,219740,Recommended,Visuals and sound This game features amazing art with colors that pop and fantastic character designs .,1
Seph,219740,Recommended,"Plot wise , the last world definitely didn't receive the same attention as the previous 3 , lacking any of the cool characters and atmosphere the previous ones featured , and I thought that was pretty weird .",-1
Shining_Falcon,238460,Not Recommended,"For those of you who dark narratives , in games other than VNs I recommend these : Serena combines a talented production team ( fans and game developers ) , superb voice acting , haunting atmosphere , enveloping visuals , and an emotional range that is told in one hour .",1
Sir Wilfrey,253230,Recommended,"Every single detail had me smirking in remembrance of a childhood long gone , and the happiness infused wonder of it all captured in everything from the music to the animation to the enemies and characters , it's all too good to be true .",1
Spooky E-boy #2403,4000,Recommended,Graphics gets an 3/5 The Music : It sounds like you're actually in an secret Basement which can go from Creepy Music to 8 bit styled Arcade music .,0
Spooky Rock,219740,Recommended,"Freaking amazing game , love the sounds , and the graphics compliment the style of game wonderfully Highly recommend",1
Step Kick Kick Leap Kick Touch,219740,Recommended,"The music , art design , and even graphics are phenomenal and fit the theme of the game .",1
SweenyMee,219740,Recommended,"It got really pretty art ( in witch I mean the caracers are drawn in a really good way and the nature and npc's also ) , and the music is a really nice background melody is really good to have if you r relaxing .",1
SylentPtr,698780,Recommended,"I played through the game , friends watching on eagerly , as the creepy music and visual effects toyed with my mind .",1
texdade,219150,Recommended,"Playthrough after playthrough the whole thing gets worse , the music creepier and glitch effects start appearing on screen , contrasting with the bright colored art style .",0
The Holy Sy,219150,Recommended,"The old school art style suits the game well , as does the music .",1
The Noot Noot Man,219740,Recommended,It has one helluva style and atmosphere .,1
The Satellite,219740,Recommended,"The art style is colorful and charming , and the music complements it as well as the game worlds perfectly .",1
Turnip,238460,Recommended,"its a top down action game with a hazy story and an amazing soundtrack dont let the retro graphics hold you back , they fit perfectly",1
Vampyri,4000,Recommended,"So TBOI looks good , and sounds even better .",1
Violet,238460,Recommended,The music is awesome and the backgrounds are bright and colorful .,1
Yizz,4000,Recommended,"Places like the community center or the museum extend the amount of time you can spend with the game The art style is beautiful The music is amazing The game will make you happy , calm , and relaxed It is only 15 ( when not on sale ) ",1
yung phil,219150,Recommended,"soundtrack is goat the masks are great and add to the game the vibrant visuals are insane the story is laughably strange , but compelling .",1
ZellTik,113200,Recommended,"If you are thinking of buying this game , go ahead It has amazing music that gets stuck in your head it also has memorable characters , cool artwork , cute little pets that you just want to hug .",1
Zippy,219740,Recommended,"The technical parts art direction , voice acting , sound design are all well done , but the game most especially does well something which I adore : it is fantastical , lighthearted , and ridiculous , and more importantly it makes no effort to explain itself , apologize , or be ashamed of that fact .",1
anaid,238460,Recommended,"Retro graphics , 80's influences aesthetics and music .",0
Angel Boy,253230,Recommended,"Doki doki is not oki doki I find myself losing some screws Due to heavy plot line i'm confused When I try to care They ruin slice of life atmosphere Where I don't belong Because i'm as quiet as a stone None of these girls wear a thong I thought I'd write a poem About this crazy maze That loops around when it's light outside And makes me go insane I hear Sayori yell It gives my ears a scare And fills my mind with strange remorse What have I done to her I thought that we were friends But we can't make amends I trusted you but all you did Was break my heart and spit on me Not to mention you scared a girl That I was hitting on before You should've been more honest Perhaps I didn't care that much You were the best of friends But in the end I took the blame I thought of spending time With Natsuki by my side We made a promise to one another To have fun with none other than each other Read manga , bathe in the sun But someone let us down Then our Yuri came to town And of course to ruin our fun , She desired it the most We weren't even close I don't know where she came from But that girl is insane , though .",-1
‚ô• Onee~Chan ‚ô•,698780,Recommended,"Atmosphere : Well drawn classrooms and good ambients to make you feel much more emotions during scenes like Spending time with your childhood friend , a much more lighter colour of the atmosphere is used instead of the darker tone colours , making you feel a warm fuzzy feeling inside : 3 .",1
Buheheporcodio,238460,Recommended,This is one of those weird games with a strange atmosphere that grows on you .,1
-c,698780,Recommended,"The soundtrack is limited , but the music is catchy while still fitting the atmosphere .",1
Chum,253230,Recommended,"The game's music and world is what really sells it , I found myself simply standing or sitting around and appreciating the game's atmosphere , something I rarely do in any game .",1
civet,294100,Recommended,"The music , the sound effects , the graphics everything is very nice .",1
Speedflow,219150,Recommended,Music is top notch and really helps build the atmosphere of the game .,1
@uRoN,219740,Recommended,"This game is pretty easy conceptually , but everything looks great , from gameplay to soundtrack .",1
-=Zombine3D=-,219740,Recommended,Pros : Solid and skilled gameplay Fantastic visuals Beautiful soundtrack Actually funny and charming writing,1
100% Hippo,253230,Recommended,"It is one of the best 3D platformers I've played , with entertaining levels , a phenominal soundtrack , solid controls , and on top of it all , it is just so cute The platforming in the game feels really smooth and intuitive ( with the one exception of the few wires you walk on ) .",0
12p Ronald,253230,Recommended,"The game has huge worlds that are filled to the brim with content and collectibles , the soundtrack adjusts according to the area you are in to set the mood , the visuals are excellent and the gameplay is what I really enjoy in this game .",1
12p Ronald,219740,Recommended,"The game has huge worlds that are filled to the brim with content and collectibles , the soundtrack adjusts according to the area you are in to set the mood , the visuals are excellent and the gameplay is what I really enjoy in this game .",1
adam,219740,Recommended,"Though this game has a well made soundtrack , great graphics , and a creative backstory , the game lacks depth because of its poorly made combat system and over the top violence .",1
adam,238460,Recommended,"In conclusion , though this game is extremely violent and the combat / AI system is poor , I recommend playing it because of the excellent aesthetics and soundtrack the game provides .",1
adam,219150,Recommended,"In conclusion , though this game is extremely violent and the combat / AI system is poor , I recommend playing it because of the excellent aesthetics and soundtrack the game provides .",1
ahaha.wav,219740,Recommended,"3D collection platformer with surprisingly varied environments , hilarious writing , great music , responsive controls and ing adorable character designs .",1
Ahmysin,253230,Recommended,Totally Awesome First was holding back cause of the class 2D look but the gameplay and soundtrack is totally awesome Not to mention the humor included .,-1
Ahmysin,219740,Recommended,Totally Awesome First was holding back cause of the class 2D look but the gameplay and soundtrack is totally awesome Not to mention the humor included .,-1
Aushy,253230,Recommended,"It sucks you in with the interesting music and art style , and keeps you there with it's intense , reaction time testing gameplay .",1
Av,219740,Recommended,"Looks great , soundtrack is fantastic , plays great whether on controller or keyboard , and as everyone will tell you , very cute ( unless we're on about chapter 3 ) .",1
AwooDeathSquads,219740,Recommended,"Not only It is utterly enjoyable , fun , and positively challenging at times , it also has cute visual design , great soundtrack , incredible voice acting , and levels that are actually interesting to explore .",1
Barrel,219740,Recommended,"A cute as hell platformer with stellar controls , great music , and awesome design .",1
BerZerK,238460,Recommended,"Hard as balls doesn't have a very satisfying story but it has great visuals , beautiful art design , challenging level design , FANTASTIC soundtrack , and smooth gameplay .",1
Bloobite,219740,Recommended,"Hat in Time has an amazingly hilarious writing style akin to that of Earthbound or TTYD , incredibly solid gameplay mechanics on par to that of Mario Sunshine and others in the genre from the Gamecube / N64 era , a fantastic soundtrack with very memorable tracks , loveable , enjoyable and solidly designed characters with perfectly fitting voice acting , the ability to mix up mission objectives / ideas , introduce clever new mechanics in the form of hats and totally change level atmosphere without sacrificing any core elements that make the game what it is whilst keeping a coherent sense of immersion and an overall cute as heck style .",1
Bonifatius,219150,Recommended,"This game is modern classic Soundtrack is banging , graphics is looking remarkable and shining , gameplay is furious as well .",1
Brentius Caeterson,219150,Recommended,"Wonderful soundtrack , near flawless gameplay , and pixel gore .",1
Broocevelt,219740,Recommended,"If you're looking for a casual but fun co op puzzle platformer , with hilarious humor both in the visuals and the audio , and a narrator with a gorgeous voice , then this is the game for you and your friend ('s ) .",1
Caedus,219740,Recommended,"this game is amazing , its super fun and has a very nostalgic platforming feel to it , the music is very nice , has a really cozy feel to it , the humor is awesome , and most importantly its super cute and wholesome .",1
Cernepel,253230,Recommended,"Great music , and atmosphere , gamplay is okay ( good score ) would answer the phone again .",1
Chum,253230,Recommended,"Then again , it's less challenging difficulty suits its overall feel good atmosphere and childlike tone .",1
Commander Adams Springwar,253230,Recommended,Cool theme plot Good music Pixel blood gore Animal masks guns .,1
Connor1468,698780,Recommended,"All the original music is amazing , The graphics are great And the gameplay is on point",1
Connor1468,4000,Recommended,"All the original music is amazing , The graphics are great And the gameplay is on point",1
Cosmoknaut,253230,Recommended,"It's Harvest Moon meets Rune Factory all the charm and dulcet atmosphere of the former meeting the faster paced , engaging pace and openness of the latter .",0
Cosmoknaut,4000,Recommended,"it's Harvest Moon meets Rune Factory all the charm and dulcet atmosphere of the former meeting the faster paced , engaging pace and openness of the latter .",1
CrazedG,253230,Recommended,it's pretty difficult too The atmosphere and the soundtracks are incredible with the vibe of the 80s .,1
Crimson-Albedo,219740,Recommended,Pros + Cute + Variety of mechanics + Fun explorable levels + Nice progression of skills + Awesome soundtrack with unlockable remixes Mix Story would be forgotten without the charm,1
Crouchy,253230,Recommended,"Early Access Review It is hard to tell that this game is in early access because there is already so much content and it is so much fun The Firefly aesthetic is simply brilliant , the music is cool and the gameplay is so addictive .",1
Dan Classic,219740,Recommended,"I love everything about this game from the retro graphics , psycodelic story , over the top violence , and the superb soundtrack , seriously the songs are the best i've ever heard in a video game and fit perfectly .",1
Daveacus,253230,Recommended,This game has a beautiful way of making the collecting aspect of games fun and entertaining and it never feels like a chore because of the colorful and amazing atmosphere the game brings to the table .,1
Definitely not a Lolicon,4000,Recommended,"it's got very nice atmosphere , LOTS and LOTS of stuff to do , monsters to slay or treasures to find etc .",1
dheart88,219740,Recommended,"once you died , you died forever and have to repeat again from the beginning ( unless you use mod that allow load on last save ) I really like the capability of modding the game I have to be honest , I still can't survive more than 20 days in game so I use the mod I mentioned before to make the game easy as I want to see the feature and memorize them before playing harsh mode pro : great sound effects good graphics great gameplay .",1
Diopside,253230,Recommended,"The entire game flows at a remarkable pace , with pumping music and gorey visuals marking an unforgettable experience from start to finish .",1
Diopside,219150,Recommended,"The entire game flows at a remarkable pace , with pumping music and gorey visuals marking an unforgettable experience from start to finish .",1
downphoenix,113200,Recommended,"The gameplays , looks , and sounds great .",1
DrunkleTom,219740,Recommended,"The people at Klei Entertainment combine great gameplay , a brilliant hand drawn art style and some brilliant music , and overall they create a world so eerie yet charming that it draws you in , asks you for more money for DLC and knows you can't resist .",1
Edock,219740,Recommended,"Pros : Pixel art that seems to be alive Very chill soundtrack Wide variety of crops , even some that can be unlocked later Pretty high replay value Lots of NPCs you can get married to Combat is fresh to the genre .",1
Eigan123,219740,Recommended,"This world is alive , full of details , both large and small , some random , some not , from Roomba rides , to scooter horns , to pattycake with the man in blue , to random posters plastered in various worlds , to talking owls , to curious crows , to picture taking , to jokes , to jokes WITHIN jokes , to clever responses , to humorous interactions , to easter eggs , to random jumps on floating cookies , to scary ledges , to tightrope mechanics , to engrossing music , to the vibrant surroundings and atmosphere , the list goes on .",1
Elictus,219740,Recommended,"It's an amazing game with amazing graphics ( cartoon graphics ) , amazing music , amazing story , amazing experience , amazing concept and amazing everything : ) ( good score ) .",1
Energonchi,219150,Recommended," Great graphic presentation , great ost soundtrack with a few top head off tunes that are quivering and both shining into a stardom gaze of satisfaction Its like talking to hot girls that are now into you whatever who u are female or male and it guides you into an aftermath of bringing 6 hours of gloomy appreciation It teaches you a throne of finding out things and a mystery to a lot of gamers",1
Enoch,219740,Recommended,"I LOVE this game it's fun and addictive , the graphics and music is gorgeous , Highly addictive and lots to do recommended o /",1
Ereku Toro,253230,Recommended,"The soundtrack is amazing , the art style is adorable and imaginative , and what little plot exists is driven by the game mechanics in a hilariously childish way .",1
Err,219740,Recommended,"Great gameplay , arguably replayable , interesting graphics and music , and a confusing but somewhat interesting story .",1
F√§ltmarskalk saft och bulle,413150,Recommended,Pros : * The soundtrack * The 2D design * Interessting events * Alot of unlockable areas * Character diversity * Rewards strategy of farming,1
FantasticFaisal,219740,Recommended,"Don't Starve , well i've seen this game and watched it video's way before the update's , i don't remember how long it was new thing , the sound's , system , graphic's , it's only miss the online co op type , but it has many lovely mod's that people made , and thanks to them and the game , they've created something new , yet this game is kinda dying by time because you're all by yourself , but as single player game , it's great game indeed : 3",0
finoma,219740,Recommended,"Atmosphere , pacing , music , palette , gameplay , hidden items , quests , farming , the hidden Dwarven items , hidden characters .",0
Finzy,219740,Recommended,"Art direction and soundtrack are fantastic and the controls are very fluid , bouncy and never managed to annoy me through the course of the game .",1
Fleck,253230,Recommended,"Fast paced , killer music and graphics makes for a thrilling and psychedelic experience that everyone should experience , And leaves you asking for more .",1
Free Ass,219150,Recommended,"The art , music , gameplay , story .",0
FREEDO,253230,Recommended,"The game is straight outta the classic console generations , utilizing the technology limitations to hone its scope to core mechanics and maximizing immersion through colorful aesthetic and sound .",1
Futashy,253230,Recommended,"The music , characters , and little details are amazing and fun I highly reccommend for anyone who like platformers like Banjo Kazooie or Super Mario 64 and Yooka Laylee .",1
Gerty,219740,Recommended,"It requires you to be strategic and swift , the visuals are great and the soundtrack is cool , very cool .",1
gretgor42,253230,Recommended,"Then there's the Time Rift levels , which come in two forms : the blue form , consisting of fun linear platforming challenges with a surreal atmosphere , and the purple forms , which have you traverse a sequence of interesting explorable mini maps collecting rift pons and a set of pictures that tell a little story .",1
Grimless,219150,Recommended,"Punishing , disturbing , tight , and atmospheric I * LOVE * The Binding of Isaac A huge mix of items , each with their own unique and sometimes mysterious effects , excellent difficulty ramp , gut wrenching enemies and environments , and little touches that makes each new game a brand new adventure .",1
Hackdeen,219740,Recommended,"Slick controls , Merciless difficulty , Grungy soundtrack , and some of the most gore drenched pixels I've seen this side of Mortal Kombat .",1
Hamstone,219150,Recommended,Hotline Miami is a fast paced puzzle / action game with wonderfully gory pixel art graphics tied together with an amazing 80's inspired soundtrack and motif .,1
Hartiche,238460,Recommended,"Nice , well done , cool music , cool pixel graphics , different and interesting gameplays .",1
HOL HORSE,219740,Recommended,"This game has a hip soundtrack , pixel gore which is too realistic , and nice controls .",1
HOL HORSE,219150,Recommended,"This game has a hip soundtrack , pixel gore which is too realistic , and nice controls .",1
Homura,219150,Recommended,"Not much story , simple and addictive gameplay , memorable and not so memorable bosses , somewhat dark theme to it , and a great soundtrack .",0
Hotaru Thodt,413150,Recommended,"and highly addictive The graphics , music , everything is excellent .",1
Hotaru Thodt,113200,Recommended,"and highly addictive The graphics , music , everything is excellent .",1
Hyperion1911,294100,Recommended,"Awesomeeee Great art style , music , replay value , secrets , I could go on and on and all this by one man .",1
Ioplop,219150,Recommended,"It isn't buggy , is well optimized , has good music and graphics that work really nice , and excellent gameplay .",1
Ioplop,4000,Recommended,"It isn't buggy , is well optimized , has good music and graphics that work really nice , and excelent gameplay .",1
J0P0D,238460,Recommended,This is probably my favourite platformer of all time for these reasons : hilarious narrator great platforming awesome weapons sweet art style cool music funny story good singleplayer fun with friends great multiplayer arena modes awesome level editor hundreds of hats Do I need to say anything else,1
jbtheskater,253230,Recommended,"It has the art , the audio and the gameplay , all of which compliment each other perfectly .",1
jc ham,238460,Recommended,"I won't spoil it , but it perfectly frames and sets up the gameplay and atmosphere .",1
JellyElite,253230,Recommended,"Fun gameplay , amazing controls , great level design , beautiful music , and memorable characters .",1
JohnnyTheTHICC,4000,Recommended,"Pros great pixel art scenery variety of characters remastered Harvest Moon calming challenging a good game to play when you are bored ( or angry ) Cons ( if there are any ) We need to have options to change sound , graphics etc .",1
kianili,238460,Recommended,"Where do I begin It's absolutely gorgeous The 2D pixel style game is challenging , fun , beautiful , and not to mention it's soundtrack It will certainly keep you couped up in your house for days It's both addictive and slow paced .",1
KnotTheGrox,238460,Recommended,"This is a really fun game , from the bumping music to the blood splattering on the floor , it'll make anyone feel like a mass murderer",0
Kolo,698780,Recommended,The artwork is simple but great and the music .,1
kritty -- retired cs,219150,Recommended,This game deserves ( good score ) for best Soundtrack Graphic like combat Storyline Blood Would definently recommend this more then any other game out there .,1
Lawbster,219150,Recommended,"The nostalgic visuals , blissful soundtrack , and gripping 80s neo noir story is absolutely compelling .",1
Leery,219740,Recommended,"The pixel art and music are incredible , the systems well designed , and the dev of this game is very attentive to suggestions and bugs ( 3 patches to the game in 3 days , with a fourth planned on being out tonight ) .",1
Lexiathan,219150,Recommended,"Combine this with a story that is somewhat tailored to you , a great plot , a great soundtrack , some great visuals , and just a great story overall , then boom : You have Doki Doki Literature Club .",1
Lmerj,219150,Recommended,Gameplay good Try not to get addicted good special dont Graphics good Good do Audio good good Good too bad Audience good Adults Everyone PC Requirements if you can run paint good Decent boi NASA if they have a spare computer Story have ( Not counting historical stuff ) isnt nothing I guess greatly told make you cry or smile alot good You make your own story Difficulity press a bunch of buttons brain usage good Easy to learn / Hard to master so easy Souls Grind if you care about leaderboards / ranks necessary to progress bit grindy sometimes grind level bit grindy good Insanity Game Time enough for a cup of tea on you good Endless Price good Just buy it the price for sale if you have some spare money left recommended throw money into a rubbish bin Bugs had any bugs good Few bugs get annoying the game game itself is a big terrarium for bugs,1
Logan,219740,Recommended,"Well designed levels , challenging boss fights , cute cosmetics for a cute character and colorful graphic combined with superb soundtrack and interesting collectibles .",1
Lunchmuny,238460,Recommended,"Graphics forget what reality is good Decent look too long at it Gameplay good Addictive like heroin good just gameplay at walls is better don't Audio good good Good too bad Audience good Teens good Adults Solitare Players PC Requirements if you can run paint good Potato boiiiiii NASA if they have a spare computer Difficulity press A brain usage to learn / Hard to master good Difficult Souls Grind good Nothing to grind if u care about leaderboards / ranks necessary to progress grind level much grind need a second life for grinding Story or Audio floating around depends an DLC good Good replace your life Game Time enough for a cup of tea good To infinity and beyond Price good There is no price the price u have some spare money left recommended could also just burn your money Bugs heard of good Minor bugs get annoying Creed : Unity game itself is a big terrarium for bugs Rimworld is an achievement of game creation , and shows how a game doesn't need mind bending graphics or a life altering soundtrack to be truly amazing .",1
Macabre Octopus,253230,Recommended,"I love the music , the visuals , the hard as nails gameplay .",1
Macabre Octopus,219150,Recommended,"I love the music , the visuals , the hard as nails gameplay .",1
Main Mid Gir,219740,Recommended,"Super cute , super fun , awesome soundtrack , graphics and ending .",1
Maple,4000,Recommended,"Astonishing soundtrack , addictive gameplay , and appealing art style .",1
Maple,219150,Recommended,"Astonishing soundtrack , addictive gameplay , and appealing artstyle .",1
MaynezSE,219740,Recommended,"It has awesome gameplay , controls feel very responsive ( compared to , say , Yooka Laylee , which are the same genre ) , music and art design are made with so much care that they blend together quite nice .",1
mcpretzel,113200,Recommended,The atmosphere and the gameplay tie together to bring forth truly amazing experience .,1
Mercury,219740,Recommended,"The art style , the music , the level design , the .",0
Mevvallanneous Bob,219150,Recommended,"From its gritty story , stylish visuals , awesome music , and absurdly fun gameplay mechanics , it'd be quite a loss to not experience the game for yourself .",1
Midouri „Éü„É™,219740,Recommended,"I've added my positives and nitpicks / cons below , but overall my verdict is : If you love a collection game with vibrant atmosphere and experimental gameplay , this is it .",1
Midouri „Éü„É™,219740,Recommended,"There isn't much of a story but what's there is layered with excellent visuals and creative , colorful and spunky characters and voice acting , cute enough to give context to your collection adventure and the final battle is quite the nice piece of art .",1
MiniTaurus,253230,Recommended,"Cute fun game with nice music and smooth gameplay Like the title says , player can change hat to have different look and ability .",1
Minty,219740,Recommended,tl dr A brilliant atmosphere and responsive gameplay serves as an incredible kickoff for Gears for Breakfast .,1
minuku,253230,Recommended,"Cute as heck 3D platformer with amazing controlls and mechanics ( wall jump , dive with cancel , hooks and more ) , smart level design , enjoyable characters , perfect music and splendid voice acting .",0
Mr. Bear,219150,Recommended,All you need is a playlist of your favorite music and a nice glass of your favorite refreshment and you're ready to create a beautiful new world .,1
Munchy,219740,Recommended,"The game also has a beautiful art style and fitting music for each of its unique level witch are filled with collectibles , secrets , and hats Was happy with how the gameplay on my pc and was much better than i anticipated .",1
Munno,219740,Recommended,"Great artwork , great soundtrack , challenging , innovative .",1
Myron,253230,Recommended,"The game has good music and its artstyle is colorful , the themes of every chapter are divirse and the character controls really well .",1
Naju34,113200,Recommended,"A game in which grinding is actually fun and not tedious , with a very interesting class based co op , epic boss battles , amazing OST , beautiful art and sprite design , and really , really fun gameplay .",1
Nectarine2000,4000,Recommended,"from the creepy atmosphere to the funny bosses , random dungeons , what's not to love i recommend this game to anyone and everyone .",1
NefilimRuh,253230,Recommended,"Graphics are amazing , characters are extremely fun and cute , soundtrack is divineeee , and gameplay is so , so tight .",1
neonwhite900,238460,Recommended,"However the combination of an old DOS top down look and score based arcade action gameplay and add an amazing techno chiptune mix soundtrack and you got one hell of an addictive , replayable and down right magical game experience .",0
nerloch,698780,Recommended,"A series of programming wonders that define this game , along with equally superb music / art / story that makes this game truly memorable .",1
"O Captain, My Captain",219150,Recommended,"You don't really have too much of a reason to be killing russian mobsters but did you need one to begin with With wonderful visuals and music you might think that would mask the brutality , but due to the wonderful work of Dennaton Games you'll have no problem taking in the horrifying atrocities you've just committed .",1
ok retard,219740,Recommended,"Hotline Miami is a great indie game with a gorgeous art style due to it's pixelated graphics and bright , vivid colors , amazing music that really fits in with the atmosphere , tight responsive controls mixed with fast paced action and a brutal difficulty .",1
Orange and Green 2013,253230,Recommended,"No one should ever remember this movie or Chris Katan Lauren Michaels Smooth gameplay , Music that is so good you'll want to slap your high school music teacher for not teaching late 80s synth above classical and an art style that is fun yet disturbing .",1
Osiris!,219740,Recommended,everything about this game is great the levels are unique and fun the soundtrack is great the visuals and animations are adorable and the boss fights are awesome .,1
Pantomime (Mul's),219740,Recommended,"hours will pass by easily , The music is good , The story is ok , indie retro style , violence , and more violence , some blood , It's good .",1
Paul Memes (Memings the game),238460,Recommended,"Great story , great graphics , great gameplay , great music .",1
phillby..¬∑¬∑¬®‚å¨,219150,Recommended,"Fantastic music , great artwork , and very challenging levels .",1
Plutopass,219740,Recommended,"Great fun , unique art style , suiting music , what's not to like about this Harsh gameplay , fun nevertheless .",1
Poon Conquerer,113200,Recommended,"The atmosphere , the items , the characters , and the huge variety of enemies and bosses are what makes this game so great , and it will have you playing it over and over again .",1
Porcupine,253230,Not Recommended,"The full released content / game base grew by a 14MB in the past year , over two major versions ( including all assets , art , music , etc . )",0
ProfessorPJ123,113200,Recommended,"now , onto the positives , i love the pixel graphics and music , and i did enjoy some of the characters too , the idea of using your tools less energy is one i did like , even though it got annoying at times .",1
ProstataMackan,219740,Recommended,"Insanely fun and addictive Love the atmosphere of the game , and is looking forward to Don't Starve Together",1
pyumi,253230,Recommended,A challenging game while not being cheesy combined with great art direction and music .,1
RaidenPSX,253230,Recommended,"Its great , responsive controls , its bright and colourful graphics , its fantastic soundtrack , its story , just everything .",1
Raven Lynx,253230,Recommended,Pros : + Awesome soundtrack + Colorful atmosphere + Cute artstyle + Great level design + Memorable characters,1
RIPJ,219150,Recommended,"Beautiful atmosphere , pumping soundtrack gameplay that is so fast , brutal and addictive it's crazy .",1
scubasteve,219150,Recommended,"great tunes , great challenge , great atmosphere .",1
Seshlord420,219150,Recommended,"Everything about this game is awesome , the story , the layout , the soundtrack , the choices of weapons , you name it .",1
Sir Viking,113200,Recommended,"The gameplay is solid , the music is fantastic , the visuals are awesome .",1
Sir Viking,219150,Recommended,"The gameplay is solid , the music is fantastic , the visuals are awesome .",1
SpellHeart,238460,Recommended,"Puzzle platformer game with awesome cute design , NES's Chip n Dale style co op , cheerful soundtrack , killing narration by Will Stamper , level editor and KITTENS .",0
SquibTheDS (Been waiting a year),253230,Recommended,This game is pretty good The goods : Amazing voice acting Fun and likable characters Good boss fights Really good platforming Amazing soundtrack Hecking cute Collect a thon with not that many collectables Free dlc coming in the future ,1
Straylow,219740,Recommended,It plays like a shmup but feels like the original Legend of Zelda in many ways ( from level design to music and items ) .,0
T.J,219150,Recommended, pros : + great retro graphics + amazing soundtrack + good story + lots to unlock mask s + weapons F516,1
Terminal Guy,219740,Recommended,"Fantastic little game , it's got a great soundtrack , unique graphics and it's really addicting .",1
The CruSpader,219740,Recommended,It's a really cute game with really great controls and an absolutely AMAZING soundtrack that is easily worth the money .,1
The Guardian,253230,Recommended,"As for who it plays , the game is incredibly fun , and plays very smoothly , never once did I notice any dips in the quality or performance In the end , A Hat in Time is a fantastic game With bright and colorful visuals , A fun and engaging story , A memorable cast of hilarious characters ( Looking at you Snatcher , and of course , incredibly upbeat music , especially for the bosses",1
Tmast98,253230,Recommended,"Fantastic gameplay , music , art style , character design , narrative just everything I can possibly think to list .",1
Trevord70,253230,Recommended,"The art style is absurdly cute and extremely well done , the soundtrack is absolutely incredible , the characters are all fun and memorable as are the levels .",1
TsarNicholas,219740,Recommended,"The music , animations , environment , seasonal crops , quests , and endless amount of characters to talk to and work with make this game an amazing experience .",1
twitch.tv/epjCSGO,219150,Recommended,+ Beautiful + Great music + Fun The social aspect of the game is kinda boring .,1
uneven compromise,219150,Recommended,"With the use of intense , graphic and psychedelic aesthetics and visuals a soundtrack full of great synthwave and electronic tracks that fits the 80's Miami theme flawlessly and gameplay that feels responsive , challenging and fun at the same time",1
VTG1800,698780,Recommended,"Positive : Simple gameplay Quest for mission Be careful when planting , because there is a bird that can damage Atmosphere music Feature gameplay Mood social like HarvestMoon Reasonable price Season ",1
VTG1800,113200,Recommended,"Positive : Simple gameplay Quest for mission Be careful when planting , because there is a bird that can damage Atmosphere music Feature gameplay Mood social like HarvestMoon Reasonable price Season ",1
walleR (CEO of Racism),253230,Recommended,2 hours in this cute game and im already addicted to it Pros : Cute af characters Lit af soundtrack ( boss fights especially ) Many things to discover by playing the game slowly Many maps / locations Able to install steam community mods / gamemodes ,1
Wicro,4000,Recommended,This translates to a beautiful and awe inspiring in all aspects .,1
xsuperiorbeingx,219740,Recommended,"Everything is great about this game : the music , the gameplay , the strategy , even the graphics in this game are good ( even though its 8 bit like ) .",1
xsuperiorbeingx,219150,Recommended,"Everything is great about this game : the music , the gameplay , the strategy , even the graphics in this game are good ( even though its 8 bit like ) .",1
Zanda64,253230,Recommended,"Hat Kid can what Yookan't Yeah I copied that review but thats because it's 100 true Only an hour and a half into it but damn , the controls are fluent and smooth , the characters so far all have soul , the atmosphere of the worlds are great , bla bla bla ( I could go on but we'd be here for a while ) .",1
#NAME?,238460,Recommended,"Great music , very atmospheric and controls are great .",1
Saje,219150,Recommended,"On top of it all , it has a booming soundtrack , catchy graphics and non stop fun and creativity with all the masks and weapons .",1
Razonix,4000,Recommended,"The graphics are great the way they are , the soundtrack is really cool , the story is very captivating and everything was developed by only one person Bravo , man Ah , of course , there're the achievements and the trading cards available , so it's another major thumbs up for this game .",1
adam,238460,Recommended,"Though this game has a well made soundtrack , great graphics , and a creative backstory , the game lacks depth because of its poorly made combat system and over the top violence .",1
„Éã„É•„Éº„É≠,253230,Recommended,"The game itself is just generally really fun , whether you're exploring , you're completing objectives , it's really neat The music is great , the visuals are nice , and the atmosphere and the dialogue is really good , there's not really much to say , other than this is a brilliant game",1
appelpie,253230,Recommended,"All in all , you should definitely play this game if you're into 8 bit like graphics , top down shooters , and badass music .",1
Broocevelt,238460,Recommended,"If you're looking for a casual but fun co op puzzle platformer , with hilarious humour both in the visuals and the audio , and a narrator with a gorgeous voice , then this is the game for you and your friend ('s ) .",1
Cernepel,238460,Recommended,"Great music , and atmosphere , gamplay is okay 10/11 would answer the phone again .",1
Cole,253230,Recommended,"A Hat in Time is a FANTASTIC game , with excellent platforming , amazing gameplay , and a rich and vibrant world full of great level design and beautiful music .",1
DrunkleTom,219740,Recommended,"Overall ( good score ) An brilliant survival game which combines great gameplay , music and graphics to bring the whole don't Starve experience to life .",1
Elesh Norn,238460,Recommended,"Covered in a beautiful pixel graphics , with smart farm / fishing / dungeoneering gameplay and regular updates .",1
Rocking_Star101,238460,Recommended,"Pros : Unique game / design concept Excellent storyline Wonderful sound design ( really shines late game ) Pretty good graphics for a visual novel Gets you comfortable with the game before throwing you off a cliff into lava to cook your sanity for a bit before feasting on it don't really know if I can even call this a game , because of some of it's mechanics ( the mechanics being the Pro point here ) ",1
Combine‚Ñ¢,253230,Recommended,J Grooves + C thun from World of Warcraft is in the game ( The Glitchy Shop Keeper sounds like him ) + Hat Girl has a beautiful spaceship home with lovely soft carpet + Hat Girl loves to sit down and relax + Hat Girl has a very adorable voice + Hat Girl needs to be protected at all costs + Hat Girl is very adorable and has a ( good score ) personality + The Haunted Mansion level spooked the hell outta me + Exploring the giant worlds are very fun + Soundtrack is very addicting and lovely + A very cute as heck game just like it said First time i've played a 3D Platformer in a very long time and this game succeeded at what it wanted to be .,1
Crit,238460,Recommended,"The graphics are charming and work really well for the title , is it Battlefield 1 running on the Frostbite engine .",1
ùìóùì™ùìªùìøùì™ùìªùì≠,238460,Recommended,"I noticed a lot of the poems in Act 1 had a creepy , contrasting vibe in regards to the visuals , so I was expecting a sort of psychological thriller type storyline .",1
ùìóùì™ùìªùìøùì™ùìªùì≠,698780,Recommended,"Perhaps it's because I was caught off guard by the light hearted visuals , the seemingly innocent story , the cutesy art style , and the upbeat ( and somewhat annoying ) looping tune that still haunts me as I type this review out .",1
Daeminos,238460,Recommended,"As you play through the multi faceted worlds , you explore many wonderful mysteries and beautiful biomes filled with danger and great rewards .",0
Dan Schneider's Hard Drive,253230,Recommended,"The final level , Alpine Skyline , was not only some of the best gameplay that A Hat In Time offers , it's also undeniably beautiful to look at .",1
Daveacus,219740,Recommended,This game has a beautiful way of making the collecting aspect of games fun and entertaining and it never feels like a chore because of the colorful and amazing atmosphere the game brings to the table .,1
DeathCap,238460,Recommended,You will get engrossed in the 80s Miami atmosphere with the game's stellar soundtrack and spectacular art direction .,1
Del Mingus,413150,Recommended,The retro style graphics and great soundtrack gives this game its own unique character and charm .,0
dougsavage1,698780,Recommended,The graphics bore me and the mechanics seemed tedious .,-1
DoW.Phr0stY,253230,Recommended,"Soundtrack is great and progression of the way the music plays throughout the game adds to the atmosphere of the game , definitely affecting how you feel within the game .",1
Dr. Heinz Doofenshmirtz,238460,Recommended,"First of all is this game worth its money Yes for the price of 10 you get a farming game wich is just great its full of content and will be updated ( even with a multiplayer ) its relaxing , challenging and beautiful but its not all about the farming you will get to get friends , go fishing , go mining , get married , get animals , get equipment , etc .",1
DR.TusTus,219740,Recommended,"I highly reccomened this game , not just for gorehounds , action lovers , or people with pixle graphics fetishes , but its a gurantee anyone will love this game .",1
Dreamlinker,238460,Recommended,it's psycadelic and 8bit graphics fit the game's overall style and story perfectly .,1
Dromei,219740,Recommended,Simplistic graphics hide near limitless levels of depth .,1
üå∏HelloKittyKawaiiüå∏ ‚ô°,253230,Recommended,"pros fun nostalgia the main character is so cute and charming beautiful maps can be downloaded endless amount of fun and collecting fairly decent sized maps beautiful graphics this game has a workshop unlike most platformers so that kind of makes it even more fun with the amazing mods that can be downloaded and you can also play as mustache girl for those who don't know , thought that was a really nice mod to add , thanks to whoever made it and keep up the great work , guys I mustache you a question but I'll shave it for later ( ) ( ) / .",1
üå∏HelloKittyKawaiiüå∏ ‚ô°,253230,Recommended,"this is a really fun platformer that'll give you nostalgia and I personally like the badges , you can take beautiful in game panoramas and it's just a really wacky , cute game .",1
Eddy63,219740,Recommended,it's also a proof of concept that a good game doesn't need good graphics .,-1
Edge,698780,Recommended,"Yes , the learning curve is steep , and yes the graphics are from the 1990's but that all adds to its appeal .",1
emmet,219740,Recommended,"Great game Cute visuals , nice plot , really fun to play at night when you want to pass time",1
Energonchi,219740,Recommended,"Doki Doki Literature Club on Steam is a videogame featuring a different experience a freaky bold agony start of creepy laidback glitches and frequency's of what the hell common deja vu is going on Its a visual novel with movement , sprinting with struggling attempts but it delivers the right notes of getting you splintered in the controllable set mind It may suffer some dialogue and story bits but the characters are cute and well dressed to fit the part of being unrealistic and side stepped beautiful looking A great pleasure radiated with sharp sciatic pain that is both acknowledgable with ibuprofen relief A backstory of these girls showing their horror side and obsessive minds like the star is swifting you into bloody madness I literally need to take counter medication after playing this game and beating it till the game just deletes itself spoilers alert A step class this game sets whole cardio and a good breakfast line of being interesting and ruthlessly original in some flowing parts Great graphic presentation , great ost soundtrack with a few top headoff tunes that are quivering and both shining into a stardom gaze of satisfaction Its like talking to hot girls that are now into you whatever who u are female or male and it guides you into an aftermath of bringing 6 hours of gloomy appreciation It teaches you a throne of finding out things and a mystery to alot of gamers Are you secretly anxious , then play this game now cause the best part its enhancing free no extra cost unless u buy the dlc pack which features more goodies and thats 10 bucks Its both consulting and functioning to make this game a charming blast to find out next is what stored for us novel readers and gamers I really recommend this game and it should be played at least a couple of times to withstand all the double edgy imagery and furnishing dialogue I give this game a 9 .",1
ErickaUnlimited,253230,Recommended,"it's wise to mention that the game can be requirement heavy for older machines , as the amount of detail , moving parts and extreme draw distances available can be very taxing to some users , but luckily the developers included full customization when it comes to graphics , as well as wonderful explanations on what each option does for those unfamiliar with certain terms .",1
Err,238460,Recommended,"Great gameplay , arguably replayable , interesting graphics and music , and a confusing but somewhat interesting story .",1
Ewan,219740,Recommended,"The art style , beautiful , the music , fantastic , the characters , extraordinarily made , designed and animated .",1
Exuma,253230,Recommended,"Not a single track feels out of place and every piece shapes the 80's atmosphere very well ( give my props to'm O O N , Perturbator and Sun Araw , they really know how to make music ) .",1
Faraine,238460,Recommended,But graphics aren't as important as gameplay .,0
Fnordy,219740,Recommended,"Aren't you the cutest thing ever Great game , really great to play a bit on the easy side and on the short side , sure mods can fix those things but still , HatKid is really easy to control , the worlds are great , the graphics aren't expectacular but since it's a cartoonish game the art style make it up , also , the most important , HATS ( good score ) would pay full prize for a sequel",1
Fraise,238460,Recommended,The music and visuals make this game .,1
frisbeemenace,238460,Recommended,"brutal and twisted , good atmosphere , great soundtrack .",1
genkipro,253230,Recommended,There are no other graphics options .,-1
ghostspawn,219740,Recommended,"Although its gone through its array of bugs , unbalances , and old graphics thrown out , this is very well the current peak of it's development With even better to come .",1
ghostspawn,294100,Recommended,"Birthed from the ideas of Dwarf Fortress ( except with updated , Prison architect like graphics ) , both the game , its creator ('s ) and the community surrounding it since early alphas is superb .",0
